{"stat.useItem.65":2,"stat.useItem.67":2,"stat.useItem.354":2,"stat.useItem.114":9,"stat.useItem.76":1,"stat.jump":1628,"stat.swimOneCm":4446,"stat.climbOneCm":31008,"stat.useItem.70":18,"achievement.exploreAllBiomes":{"value":0,"progress":["Plains","Extreme Hills"]},"stat.useItem.44":232,"stat.useItem.331":5,"stat.useItem.45":252,"stat.useItem.330":18,"stat.useItem.54":13,"stat.flyOneCm":1541288,"stat.useItem.102":9,"stat.useItem.50":63,"stat.useItem.101":11,"stat.useItem.108":29,"stat.useItem.109":65,"stat.damageDealt":360,"stat.useItem.20":22,"stat.useItem.397":3,"stat.useItem.154":7,"stat.walkOneCm":4708481,"stat.useItem.164":99,"stat.useItem.31":2,"stat.useItem.324":3,"stat.useItem.323":29,"achievement.mineWood":57,"stat.useItem.35":30,"stat.killEntity.Skeleton":1,"stat.useItem.85":81,"achievement.openInventory":424,"stat.useItem.81":8,"stat.killEntity.Chicken":1,"stat.mobKills":5,"stat.useItem.383":6,"stat.useItem.12":2,"stat.drop":283,"stat.useItem.95":14,"stat.useItem.389":1,"stat.playOneMinute":3283983,"stat.useItem.1":728,"stat.useItem.5":12,"stat.useItem.3":296,"stat.useItem.17":2,"stat.useItem.13":81,"stat.useItem.390":1}