{"stat.useItem.65":7,"stat.useItem.355":7,"stat.useItem.354":1,"stat.killEntity.EAReplicator":1,"stat.useItem.77":1,"stat.useItem.72":2,"stat.jump":169,"stat.climbOneCm":3328,"stat.useItem.70":3,"achievement.exploreAllBiomes":{"value":0,"progress":["Sunflower Plains","ForestHills","Roofed Forest","Birch Forest","Forest","River","Plains","Extreme Hills"]},"stat.useItem.42":2,"stat.useItem.44":271,"stat.useItem.45":295,"stat.useItem.330":4,"stat.useItem.47":11,"stat.useItem.54":2,"stat.flyOneCm":515826,"stat.useItem.50":6,"stat.useItem.108":85,"stat.useItem.109":28,"stat.damageDealt":80,"stat.useItem.276":1,"stat.useItem.154":34,"stat.walkOneCm":312029,"stat.useItem.162":12,"stat.useItem.164":1,"stat.useItem.324":3,"stat.useItem.39":1,"stat.useItem.134":7,"stat.useItem.85":1,"achievement.openInventory":174,"stat.mobKills":1,"stat.useItem.380":1,"stat.useItem.146":23,"stat.drop":16,"stat.useItem.148":1,"stat.useItem.389":2,"stat.useItem.96":2,"stat.playOneMinute":208739,"stat.useItem.1":74,"stat.useItem.5":181,"stat.useItem.3":3,"stat.useItem.17":22,"stat.useItem.390":3}